gene,p_value_asian,mutation_asian,p_value_black,mutation_black
ARID1A,0.0104834979681634,0.0909090909090909,0.0228181867810991,0.0434782608695652
