gene,p_value_asian,mutation_asian,p_value_black,mutation_black
CCDC14,0.0009731445805351,0.166666666666667,0.022709990192451,0.0384615384615385
