Gene,p value Asian,mutation rates
BTG1,0.0335457660172346,0.294117647058824
